<Batch>
  <BatchNumber>54946662</BatchNumber>
  <SendersBIC>SBZAZAJJ</SendersBIC>
  <Instr>
    <InstrId>54946662</InstrId>
    <InstrmtClsfctn>ThirdPartyPayment</InstrmtClsfctn>
    <ReqdExctnDt>2022-08-26</ReqdExctnDt>
    <CreationDate>2022-08-26</CreationDate>
    <CustomerContactPerson>NtAAAAAko</CustomerContactPerson>
    <CustomerContactNumber>+268AAAAA700</CustomerContactNumber>
    <ProcessingOption>
      <processingName>serviceLevel</processingName>
      <processingValue>Normal</processingValue>
    </ProcessingOption>
    <ProcessingOption>
      <processingName>priority</processingName>
      <processingValue>NORM</processingValue>
    </ProcessingOption>
    <ProcessingOption>
      <processingName>StatementPostingOption</processingName>
      <processingValue>Consolidated</processingValue>
    </ProcessingOption>
    <Trn>
      <TrnsId>1</TrnsId>
      <Desc>DISAAAAA ACY</Desc>
      <TrnTp>D</TrnTp>
      <InstdAmt
        Ccy="ZAR">230.42</InstdAmt>
      <EqvtAmt>
        <Amt>230.42</Amt>
      </EqvtAmt>
      <RateSource>INR</RateSource>
      <AcctOwner>
        <Nm>MAAAAAAAAted</Nm>
        <PstlAdr>
          <AdrLine>suiAAAAAAAA AAbane</AdrLine>
          <TwnNm>mbAAAne</TwnNm>
          <CtrySubDvsn>mbAAAne</CtrySubDvsn>
          <Ctry>SZ</Ctry>
        </PstlAdr>
        <Id>
          <Id>MedAAAAme</Id>
          <Key>5805733</Key>
        </Id>
      </AcctOwner>
      <Acct>
        <AcctId>
          <Id>911AAAAA7168</Id>
        </AcctId>
        <Tp>OD006</Tp>
        <Ccy>SZL</Ccy>
        <Nm>medAAAAAAth</Nm>
      </Acct>
      <Agt>
        <FinInstnId>
          <BIC>SBICSZMXXXX</BIC>
          <PstlAdr>
            <Ctry>SZ</Ctry>
          </PstlAdr>
        </FinInstnId>
        <BrnchId>
          <Id>663164</Id>
        </BrnchId>
      </Agt>
      <ChrgBr>OUR</ChrgBr>
      <XchgRt>1</XchgRt>
      <XchgRtQtnMthd>Divisor</XchgRtQtnMthd>
    </Trn>
    <Trn>
      <TrnsId>2</TrnsId>
      <Desc>MEAAAAA AAINI</Desc>
      <TrnTp>C</TrnTp>
      <InstdAmt
        Ccy="ZAR">230.42</InstdAmt>
      <RateSource>INR</RateSource>
      <AcctOwner>
        <Nm>DISAAAAAAAACY Mr</Nm>
        <PstlAdr>
          <AdrLine>SAAAA AAACA</AdrLine>
          <Ctry>ZA</Ctry>
        </PstlAdr>
        <Id>
          <Id>DIAAAAAAL</Id>
        </Id>
        <Lmt>
          <Amt>999999999</Amt>
          <Ccy>SZL</Ccy>
        </Lmt>
      </AcctOwner>
      <Acct>
        <AcctId>
          <Id>000306193</Id>
        </AcctId>
        <Ccy>ZAR</Ccy>
      </Acct>
      <Agt>
        <FinInstnId>
          <BIC>SBZAZAJJXXX</BIC>
          <Nm>STAAAAAANK</Nm>
          <PstlAdr>
            <AdrLine>00AAAAAAEET</AdrLine>
            <TwnNm>JOAAAAAAAENG</TwnNm>
            <Ctry>ZA</Ctry>
          </PstlAdr>
        </FinInstnId>
        <BrnchId>
          <Id>051001</Id>
          <Nm>STAAAAAAAAAICA</Nm>
        </BrnchId>
      </Agt>
      <ChrgBr>OUR</ChrgBr>
      <XchgRt>1</XchgRt>
      <XchgRtQtnMthd>Divisor</XchgRtQtnMthd>
      <TransactionProcessingOption>
        <ProcessingName>TransactionServiceLevel</ProcessingName>
        <ProcessingValue>Normal</ProcessingValue>
      </TransactionProcessingOption>
      <BalanceOfPayment>
        <LibraData></LibraData>
      </BalanceOfPayment>
    </Trn>
  </Instr>
</Batch>