<Batch>
  <BatchNumber>54946662</BatchNumber>
  <SendersBIC>SBZAZAJJ</SendersBIC>
  <Instr>
    <InstrId>54946662</InstrId>
    <InstrmtClsfctn>ThirdPartyPayment</InstrmtClsfctn>
    <ReqdExctnDt>2022-08-26</ReqdExctnDt>
    <CreationDate>2022-08-26</CreationDate>
    <CustomerContactPerson>NtAAAAAko</CustomerContactPerson>
    <CustomerContactNumber>+268AAAAA700</CustomerContactNumber>
    <ProcessingOption>
      <processingName>serviceLevel</processingName>
      <processingValue>Normal</processingValue>
    </ProcessingOption>
    <ProcessingOption>
      <processingName>priority</processingName>
      <processingValue>NORM</processingValue>
    </ProcessingOption>
    <ProcessingOption>
      <processingName>StatementPostingOption</processingName>
      <processingValue>Consolidated</processingValue>
    </ProcessingOption>
    <Trn>
      <TrnsId>1</TrnsId>
      <Desc>DISAAAAA ACY</Desc>
      <TrnTp>D</TrnTp>
      <InstdAmt
        Ccy="ZAR">230.42</InstdAmt>
      <EqvtAmt>
        <Amt>230.42</Amt>
      </EqvtAmt>
      <RateSource>INR</RateSource>
      <AcctOwner>
        <Nm>MAAAAAAAAted</Nm>
        <PstlAdr>
          <AdrLine>suiAAAAAAAA AAbane</AdrLine>
          <TwnNm>mbAAAne</TwnNm>
          <CtrySubDvsn>mbAAAne</CtrySubDvsn>
          <Ctry>SZ</Ctry>
        </PstlAdr>
        <Id>
          <Id>MedAAAAme</Id>
          <Key>5805733</Key>
        </Id>
      </AcctOwner>
      <Acct>
        <AcctId>
          <Id>911AAAAA7168</Id>
        </AcctId>
        <Tp>OD006</Tp>
        <Ccy>SZL</Ccy>
        <Nm>medAAAAAAth</Nm>
      </Acct>
      <Agt>
        <FinInstnId>
          <BIC>SBICSZMXXXX</BIC>
          <PstlAdr>
            <Ctry>SZ</Ctry>
          </PstlAdr>
        </FinInstnId>
        <BrnchId>
          <Id>663164</Id>
        </BrnchId>
      </Agt>
      <ChrgBr>OUR</ChrgBr>
      <XchgRt>1</XchgRt>
      <XchgRtQtnMthd>Divisor</XchgRtQtnMthd>
    </Trn>
    <Trn>
      <TrnsId>2</TrnsId>
      <Desc>MEAAAAA AAINI</Desc>
      <TrnTp>C</TrnTp>
      <InstdAmt
        Ccy="ZAR">230.42</InstdAmt>
      <RateSource>INR</RateSource>
      <AcctOwner>
        <Nm>DISAAAAAAAACY Mr</Nm>
        <PstlAdr>
          <AdrLine>SAAAA AAACA</AdrLine>
          <Ctry>ZA</Ctry>
        </PstlAdr>
        <Id>
          <Id>DIAAAAAAL</Id>
        </Id>
        <Lmt>
          <Amt>999999999</Amt>
          <Ccy>SZL</Ccy>
        </Lmt>
      </AcctOwner>
      <Acct>
        <AcctId>
          <Id>000306193</Id>
        </AcctId>
        <Ccy>ZAR</Ccy>
      </Acct>
      <Agt>
        <FinInstnId>
          <BIC>SBZAZAJJXXX</BIC>
          <Nm>STAAAAAANK</Nm>
          <PstlAdr>
            <AdrLine>00AAAAAAEET</AdrLine>
            <TwnNm>JOAAAAAAAENG</TwnNm>
            <Ctry>ZA</Ctry>
          </PstlAdr>
        </FinInstnId>
        <BrnchId>
          <Id>051001</Id>
          <Nm>STAAAAAAAAAICA</Nm>
        </BrnchId>
      </Agt>
      <ChrgBr>OUR</ChrgBr>
      <XchgRt>1</XchgRt>
      <XchgRtQtnMthd>Divisor</XchgRtQtnMthd>
      <TransactionProcessingOption>
        <ProcessingName>TransactionServiceLevel</ProcessingName>
        <ProcessingValue>Normal</ProcessingValue>
      </TransactionProcessingOption>
      <BalanceOfPayment>
        <LibraData>{"Report":{"ReceivingCountry":"NL","FlowCurrency":"ZAR","MonetaryAmount":[{"CategoryCode":"103","CategorySubCode":"01","ForeignValue":"230.42.00","SequenceNumber":"001","RegulatorAuth":{"RulingsSection":"B.1(C)(i)"},"ImportExport":[{"ImportControlNumber":"JSAAAAAA05071553","PaymentCurrencyCode":"ZAR","TransportDocumentNumber":"083AAAAAA70","PaymentValue":"230.42"}]}],"OriginatingCountry":"SZ","ReportingQualifier":"BOPCUS","NonResident":{"Entity":{"Address":{"Country":"SE"},"EntityName":"NOAAAA AAAAA BV","AccountIdentifier":"NON RESIDENT OTHER"}},"Flow":"OUT","OriginatingBank":"SBICSZMXXXX","Resident":{"Entity":{"VATNumber":"41AAAAA23","InstitutionalSector":"02","EntityName":"AAAAAAA (PTY) LTD","IndustrialClassification":"03","AccountNumber":"2AAAAAA707","PostalAddress":{"AddressLine2":"RAAAAAARG","AddressLine1":"2AAA OAAAAK AAAAAE","Suburb":"SAAAAH AAAAACA","PostalCode":"1AAA1","City":"RAAAAAARG","Province":"GAAAANG"},"StreetAddress":{"AddressLine2":"RATTTTTRG","AddressLine1":"28AA AK AVENUE","Suburb":"SAAAH AFAAACA","PostalCode":"1AAA1","Province":"GAAAAAANG"},"ContactDetails":{"ContactSurname":"LUAAAEY","Telephone":"011AAAA262","ContactName":"MARAAAAAUX"},"CustomsClientNumber":"00AAAA010","AccountIdentifier":"RESIDENT OTHER","RegistrationNumber":"1AAA/0AAAA58/07","TradingName":"IAAAAA (PTY) LTD","TaxNumber":"93AAAAAA849"}},"ValueDate":"2022-08-26","BranchName":"FTS JOHANNESBURG","BranchCode":"AAA07","ReceivingBank":"INGBNL2A"}}</LibraData>
      </BalanceOfPayment>
    </Trn>
  </Instr>
</Batch>