<Batch>
  <BatchNumber>54947177</BatchNumber>
  <SendersBIC>SBZAZAJJ</SendersBIC>
  <Instr>
    <InstrId>54947177</InstrId>
    <InstrmtClsfctn>ThirdPartyPayment</InstrmtClsfctn>
    <ReqdExctnDt>2022-08-26</ReqdExctnDt>
    <CreationDate>2022-08-26</CreationDate>
    <CustomerContactPerson>LinAAAAAAau</CustomerContactPerson>
    <CustomerContactNumber>24AAAAA03</CustomerContactNumber>
    <ProcessingOption>
      <processingName>serviceLevel</processingName>
      <processingValue>Normal</processingValue>
    </ProcessingOption>
    <ProcessingOption>
      <processingName>priority</processingName>
      <processingValue>NORM</processingValue>
    </ProcessingOption>
    <ProcessingOption>
      <processingName>StatementPostingOption</processingName>
      <processingValue>Consolidated</processingValue>
    </ProcessingOption>
    <Trn>
      <TrnsId>1</TrnsId>
      <Desc>GEAAAAATER TEAAAAAD</Desc>
      <TrnTp>D</TrnTp>
      <InstdAmt
        Ccy="ZAR">142526</InstdAmt>
      <EqvtAmt>
        <Amt>142526</Amt>
      </EqvtAmt>
      <RateSource>INR</RateSource>
      <AcctOwner>
        <Nm>SwaAAAAnd WAAAer SeAAAes CorAAAAAAion</Nm>
        <PstlAdr>
          <AdrLine>Emtfonjeni Building Below Gables Ezulwini</AdrLine>
          <TwnNm>Ezulwini</TwnNm>
          <CtrySubDvsn>Ezulwini</CtrySubDvsn>
          <Ctry>SZ</Ctry>
        </PstlAdr>
        <Id>
          <Id>SWSC</Id>
          <Key>1462986</Key>
        </Id>
      </AcctOwner>
      <Acct>
        <AcctId>
          <Id>91100AAAA666</Id>
        </AcctId>
        <Tp>OD006</Tp>
        <Ccy>SZL</Ccy>
        <Nm>SAAAAAer SerAAAAes CorAAAAion</Nm>
      </Acct>
      <Agt>
        <FinInstnId>
          <BIC>SBICSZMXXXX</BIC>
          <PstlAdr>
            <Ctry>SZ</Ctry>
          </PstlAdr>
        </FinInstnId>
        <BrnchId>
          <Id>663164</Id>
        </BrnchId>
      </Agt>
      <ChrgBr>OUR</ChrgBr>
      <XchgRt>1</XchgRt>
      <XchgRtQtnMthd>Divisor</XchgRtQtnMthd>
    </Trn>
    <Trn>
      <TrnsId>2</TrnsId>
      <Desc>EWSC PAYMENTS</Desc>
      <TrnTp>C</TrnTp>
      <InstdAmt
        Ccy="ZAR">14500</InstdAmt>
      <RateSource>INR</RateSource>
      <AcctOwner>
        <Nm>GETAAAAER</Nm>
        <PstlAdr>
          <AdrLine>2U GETSAAAAER 00 HAAAANS</AdrLine>
          <Ctry>ZA</Ctry>
        </PstlAdr>
        <Id>
          <Id>GE78</Id>
        </Id>
        <Lmt>
          <Amt>999999999</Amt>
          <Ccy>SZL</Ccy>
        </Lmt>
      </AcctOwner>
      <Acct>
        <AcctId>
          <Id>0077620185</Id>
        </AcctId>
        <Ccy>ZAR</Ccy>
      </Acct>
      <Agt>
        <FinInstnId>
          <BIC>MGTCZAJJXXX</BIC>
          <Nm>J.AAAAN CAAAE BAAK N</Nm>
          <PstlAdr>
            <AdrLine>002196 1 FRIAAAR ROAD CAAAER AAAL</AdrLine>
            <StrtNm>2U GETSAAAAER US</StrtNm>
            <TwnNm>JOHANNAAARG</TwnNm>
            <Ctry>ZA</Ctry>
          </PstlAdr>
        </FinInstnId>
        <BrnchId>
          <Id>432000</Id>
          <Nm>JAAAAA BANK JHB</Nm>
        </BrnchId>
      </Agt>
      <ChrgBr>OUR</ChrgBr>
      <XchgRt>1</XchgRt>
      <XchgRtQtnMthd>Divisor</XchgRtQtnMthd>
      <TransactionProcessingOption>
        <ProcessingName>TransactionServiceLevel</ProcessingName>
        <ProcessingValue>Normal</ProcessingValue>
      </TransactionProcessingOption>
      <BalanceOfPayment>
        <LibraData>{"Report":{"ReceivingCountry":"NL","FlowCurrency":"ZAR","MonetaryAmount":[{"CategoryCode":"103","CategorySubCode":"01","ForeignValue":"230.42.00","SequenceNumber":"001","RegulatorAuth":{"RulingsSection":"B.1(C)(i)"},"ImportExport":[{"ImportControlNumber":"JSAAAAAA05071553","PaymentCurrencyCode":"ZAR","TransportDocumentNumber":"083AAAAAA70","PaymentValue":"230.42"}]}],"OriginatingCountry":"SZ","ReportingQualifier":"BOPCUS","NonResident":{"Entity":{"Address":{"Country":"SE"},"EntityName":"NOAAAA AAAAA BV","AccountIdentifier":"NON RESIDENT OTHER"}},"Flow":"OUT","OriginatingBank":"SBICSZMXXXX","Resident":{"Entity":{"VATNumber":"41AAAAA23","InstitutionalSector":"02","EntityName":"AAAAAAA (PTY) LTD","IndustrialClassification":"03","AccountNumber":"2AAAAAA707","PostalAddress":{"AddressLine2":"RAAAAAARG","AddressLine1":"2AAA OAAAAK AAAAAE","Suburb":"SAAAAH AAAAACA","PostalCode":"1AAA1","City":"RAAAAAARG","Province":"GAAAANG"},"StreetAddress":{"AddressLine2":"RATTTTTRG","AddressLine1":"28AA AK AVENUE","Suburb":"SAAAH AFAAACA","PostalCode":"1AAA1","Province":"GAAAAAANG"},"ContactDetails":{"ContactSurname":"LUAAAEY","Telephone":"011AAAA262","ContactName":"MARAAAAAUX"},"CustomsClientNumber":"00AAAA010","AccountIdentifier":"RESIDENT OTHER","RegistrationNumber":"1AAA/0AAAA58/07","TradingName":"IAAAAA (PTY) LTD","TaxNumber":"93AAAAAA849"}},"ValueDate":"2022-08-26","BranchName":"FTS JOHANNESBURG","BranchCode":"AAA07","ReceivingBank":"INGBNL2A"}}</LibraData>
      </BalanceOfPayment>
    </Trn>
    <Trn>
      <TrnsId>3</TrnsId>
      <Desc>EWSC PAYMENTS</Desc>
      <TrnTp>C</TrnTp>
      <InstdAmt
        Ccy="ZAR">128026</InstdAmt>
      <RateSource>INR</RateSource>
      <AcctOwner>
        <Nm>TECAAAAA AANS</Nm>
        <PstlAdr>
          <AdrLine>P AAAAAAACE</AdrLine>
          <Ctry>ZA</Ctry>
        </PstlAdr>
        <Id>
          <Id>TE56</Id>
        </Id>
        <Lmt>
          <Amt>999999999</Amt>
          <Ccy>SZL</Ccy>
        </Lmt>
      </AcctOwner>
      <Acct>
        <AcctId>
          <Id>505AAAAA356</Id>
        </AcctId>
        <Ccy>ZAR</Ccy>
      </Acct>
      <Agt>
        <FinInstnId>
          <BIC>FIRNZAJJXXX</BIC>
          <Nm>FIAAAAA AAANK</Nm>
          <PstlAdr>
            <AdrLine>00AAAAA AAAAA</AdrLine>
            <StrtNm>P AAAAAAA AAAAACE</StrtNm>
            <TwnNm>GAUTENG</TwnNm>
            <Ctry>ZA</Ctry>
          </PstlAdr>
        </FinInstnId>
        <BrnchId>
          <Id>250655</Id>
          <Nm>BRANCH 560</Nm>
        </BrnchId>
      </Agt>
      <ChrgBr>OUR</ChrgBr>
      <XchgRt>1</XchgRt>
      <XchgRtQtnMthd>Divisor</XchgRtQtnMthd>
      <TransactionProcessingOption>
        <ProcessingName>TransactionServiceLevel</ProcessingName>
        <ProcessingValue>Normal</ProcessingValue>
      </TransactionProcessingOption>
      <BalanceOfPayment>
        <LibraData>{"Report":{"ReceivingCountry":"NL","FlowCurrency":"ZAR","MonetaryAmount":[{"CategoryCode":"103","CategorySubCode":"01","ForeignValue":"230.42.00","SequenceNumber":"001","RegulatorAuth":{"RulingsSection":"B.1(C)(i)"},"ImportExport":[{"ImportControlNumber":"JSAAAAAA05071553","PaymentCurrencyCode":"ZAR","TransportDocumentNumber":"083AAAAAA70","PaymentValue":"230.42"}]}],"OriginatingCountry":"SZ","ReportingQualifier":"BOPCUS","NonResident":{"Entity":{"Address":{"Country":"SE"},"EntityName":"NOAAAA AAAAA BV","AccountIdentifier":"NON RESIDENT OTHER"}},"Flow":"OUT","OriginatingBank":"SBICSZMXXXX","Resident":{"Entity":{"VATNumber":"41AAAAA23","InstitutionalSector":"02","EntityName":"AAAAAAA (PTY) LTD","IndustrialClassification":"03","AccountNumber":"2AAAAAA707","PostalAddress":{"AddressLine2":"RAAAAAARG","AddressLine1":"2AAA OAAAAK AAAAAE","Suburb":"SAAAAH AAAAACA","PostalCode":"1AAA1","City":"RAAAAAARG","Province":"GAAAANG"},"StreetAddress":{"AddressLine2":"RATTTTTRG","AddressLine1":"28AA AK AVENUE","Suburb":"SAAAH AFAAACA","PostalCode":"1AAA1","Province":"GAAAAAANG"},"ContactDetails":{"ContactSurname":"LUAAAEY","Telephone":"011AAAA262","ContactName":"MARAAAAAUX"},"CustomsClientNumber":"00AAAA010","AccountIdentifier":"RESIDENT OTHER","RegistrationNumber":"1AAA/0AAAA58/07","TradingName":"IAAAAA (PTY) LTD","TaxNumber":"93AAAAAA849"}},"ValueDate":"2022-08-26","BranchName":"FTS JOHANNESBURG","BranchCode":"AAA07","ReceivingBank":"INGBNL2A"}}</LibraData>
      </BalanceOfPayment>
    </Trn>
  </Instr>
</Batch>